{"input_size": 4, "output_size": 7, "weights": [[-0.6464602370534422, 0.2565238363438209, -0.702804386105949, -0.20019857563820276], [0.18342824779835043, -0.7497562503862525, -0.6355027615269604, -0.5245210453091798], [0.30208203180494264, 0.8831084799525648, -0.2554112942220115, 0.043474586684015826], [-0.8274237481217452, -0.8642615297935434, 0.5866297924499375, 0.2690000611031178], [-0.13204206611711866, 0.9522858961919405, -0.007072625665246468, -0.7470973838399757], [-0.18193012143856313, 0.5157179250615413, -0.5619266357081554, 0.45395274787204576], [-0.5610217302449052, -0.756136154936796, 0.09310249166012086, -0.17127849241172788]], "biases": [0.2140853634187141, -0.020879061246090957, -0.7092321384108182, -0.6740660530540175, 0.4568794447717459, 0.05556703297886134, 0.5647123760361634]}