{"input_size": 4, "output_size": 6, "weights": [[0.5620020274362307, -0.10189192497559518, -0.21647439632933896, -0.7870254956834017], [-0.055503128355082865, 0.12163152968001212, 0.3538148787982227, -0.3093789298884708], [-0.7939947525831652, 0.9442017646106919, -0.4440689903666428, 0.0018443603709730194], [0.8066611270706989, -0.22204397516604635, -0.022332856404900348, -0.18385210826286214], [-0.41939946715281806, -0.436098433321942, 0.31955247472597925, 0.3787861317968806], [0.749743040038886, 0.5019825216512641, 0.8953883500736874, 0.8280971781041504]], "biases": [-0.7834021054835376, 0.7398945347716936, 0.41733975052241346, 0.185175938171805, 0.528823939230997, 0.17539831713796006]}