{"input_size": 4, "output_size": 9, "weights": [[0.6437963095091825, 0.8193225890884501, -0.1467094965174729, -0.9627247625144766], [0.6207900845617313, -0.9564710793740789, 0.9017076454924677, -0.0382804716726175], [-0.9114738883130273, -0.08127419617594978, 0.9242656746901123, -0.3471467239967738], [0.33495672238283913, 0.773046139906572, 0.047282174758254136, -0.20746930529720764], [-0.7327998188932157, 0.4483971934770381, 0.8997633031168006, -0.38229561787308564], [-0.8870211247880573, 0.9796616055913345, 0.6661664235320908, 0.9118547705589055], [-0.2242178205607337, -0.7988864093107273, -0.4680975885371592, 0.5779191753479931], [0.2847783232051695, -0.5830210017896811, 0.8614145073328165, -0.19231256411752473], [0.1, 0.2, 0.3, 0.4]], "biases": [-0.4430200981992931, -0.6429626033986116, -0.6597795734047678, 0.9531327693183425, -0.09284325853877307, 0.7574324940357107, -0.514172634294412, -0.05109170667482177, 0.5]}